,participant_id,approximate_entropy,fuzzy_entropy,permutation_entropy,spectral_entropy,dispersion_entropy,increment_entropy,phase_entropy,slope_entropy,label
0,old_1,1.2465422205862842e-01,0.0016845333361463766,0.978449329268619,0.2712801218626784,2.109372554175901,3.8248629576173565,0.7763730927294155,-0.0,old_general
1,old_1,0.22026072972206912,0.001607794133646201,0.978449329268619,0.2721120480844348,2.0966552400266623,3.869331261111518,0.8088882930833161,-0.0,old_general
2,old_1,0.4438457017164663,0.0053455210051932545,0.9991421039919088,0.2735763117739593,1.781693057888579,3.8962915290459277,0.8393121182836906,0.21639693245126468,old_general
3,old_1,0.07855822729232687,0.0011894905004986578,0.9991421039919088,0.2715798039698053,2.0772253925759943,3.7979026896829464,0.7489868613582158,-0.0,old_general
4,old_1,0.012711934020449345,0.0011946139166854053,0.9991421039919088,0.2721118871498088,1.941145580428233,4.208966082694623,0.7587908697587725,-0.0,old_general
5,old_1,0.15612169551561061,0.0008441072400250382,0.9575534837147482,0.27214182881359306,2.106985606967558,3.797902689682947,0.7462370685654047,-0.0,old_general
6,old_1,0.2943198353923826,0.00218171794934674,0.9991421039919088,0.27189762460678524,2.111759501384244,3.967720100474499,0.7827053484751558,-0.0,old_general
7,old_1,0.15612169551561061,0.0009069785177020506,0.9922666387194963,0.2721064646472995,2.0661256336705582,3.851823225551767,0.7112105850181911,-0.0,old_general
8,old_1,0.060515187852169916,0.0010417597605256734,0.9991421039919088,0.2716436559914068,1.9352024390913443,3.753434386188785,0.7326677167625544,-0.0,old_general
9,old_1,0.10831844168389004,0.0008910138217735897,0.978449329268619,0.27186742757939,2.063956247552524,3.8388043692446128,0.914318880058531,-0.0,old_general
10,old_1,0.10831844168389004,0.0010905406048079547,0.9922666387194963,0.2715179776529149,2.0786122005865053,3.695947226387471,0.8141364704508692,-0.0,old_general
11,old_1,-0.03509131981127078,0.001342810122486826,0.9922666387194963,0.2708775398870501,2.129802540824401,3.6280852788913944,0.7945974599582579,-0.0,old_general
12,old_1,0.17245747589034943,0.0008549340689517626,0.9293636260137188,0.2720756255734274,1.9729060732154604,3.628085278891394,0.9261760930446976,-0.0,old_general
13,old_1,0.10831844168389004,0.0008582308012200501,0.9991421039919088,0.2712859169026536,2.1571758080076213,4.164497779200462,0.7921199910564797,-0.0,old_general
14,old_1,0.10831844168389004,0.0006697984990989836,0.9575534837147482,0.27229752854400685,2.106985606967558,3.8693312611115185,0.7848813186520919,-0.0,old_general
15,old_1,0.26977124261920826,0.0017182562327611173,0.9991421039919088,0.2719995179309836,2.1532368907272144,4.012188403968661,0.7965663340856174,-0.0,old_general
16,old_1,0.012711934020449345,0.0011889473730891664,0.9575534837147482,0.27191071223059593,2.0528564886470875,3.851823225551766,0.6492015752044685,-0.0,old_general
17,old_1,0.28790412648149877,0.002212672006908778,0.9991421039919088,0.2724279066749509,1.94553280603224,3.950212064914747,0.7092609953386352,-0.0,old_general
18,old_1,0.126361481124047,0.001136880809548324,0.9575534837147482,0.27168149484710874,2.025483221463867,3.8248629576173565,0.8135589112600902,-0.0,old_general
19,old_1,0.012711934020449345,0.0016551248709731903,0.9991421039919088,0.2718507463215608,2.1187027819189646,3.937193208607594,0.6891501002631499,-0.0,old_general
20,old_1,0.012711934020449345,0.0008645378247305047,0.9991421039919088,0.2713392601166517,2.1000423264328374,4.110577243331642,0.722214364515906,-0.0,old_general
21,old_1,0.25172820317905176,0.001664877500667572,0.9922666387194963,0.27112132916640375,2.0913295147357442,3.678439190827718,0.665355770891991,-0.0,old_general
22,old_1,-0.03509131981127078,0.0014174886558598887,0.9922666387194963,0.2720588612465128,2.148462996310528,4.208966082694623,0.812340006954239,-0.0,old_general
23,old_1,-0.03509131981127078,0.0013383660191759184,0.9991421039919088,0.2713614884886314,2.1454586330562146,4.093069207771889,0.72466025881847,-0.0,old_general
24,old_1,0.012711934020449345,0.0013122036201507203,0.9991421039919088,0.27197892196205986,1.8542518844618854,3.967720100474499,0.7012373732773373,-0.0,old_general
25,old_1,0.058807928786750896,0.0011217631497125735,0.978449329268619,0.27125547040598386,2.106985606967558,3.8248629576173565,0.7975424329648412,-0.0,old_general
26,old_1,-0.03509131981127078,0.0012715715302800135,0.9991421039919088,0.2711044460801378,2.103046689687151,4.01218840396866,0.7760868487975816,-0.0,old_general
27,old_2,0.1444943649863375,0.011292342651924803,0.9922666387194963,0.27033791701947374,2.168892982959028,4.110577243331643,0.8439262025432775,0.574828144380386,old_general
28,old_2,0.10831844168389004,0.007656466004966833,0.9922666387194963,0.27421736103103583,2.029422138744274,3.8962915290459272,0.7247183970255331,-0.0,old_general
29,old_2,0.14620162405175607,0.005667261452513062,0.9991421039919088,0.2736872963626481,1.9181595388490198,3.753434386188785,0.6732620551127324,0.21639693245126468,old_general
30,old_2,0.10831844168389004,0.01122843173730148,0.978449329268619,0.2714242381248625,2.141519715775808,3.94075983254009,0.8420095580055008,0.574828144380386,old_general
31,old_2,0.19400487788347665,0.016497023609340355,0.9991421039919088,0.27378592433641036,2.0098271292320535,4.280394654123195,0.8485973341787467,0.43101676897537733,old_general
32,old_2,0.15612169551561061,0.007115124200154921,0.978449329268619,0.27265744277371773,2.0615693003441806,3.9137995646056796,0.8805010440706784,-0.0,old_general
33,old_2,0.10661118261847147,0.0075458943451146565,0.9991421039919088,0.2728620910945024,2.1187027819189646,3.9502120649147474,0.8186184701129923,0.574828144380386,old_general
34,old_2,0.012711934020449345,0.006593987398874068,0.9922666387194963,0.27337102668832275,2.1571758080076218,3.923251796980337,0.8155653124810318,-0.0,old_general
35,old_2,0.2365965100968075,0.008951234610332426,0.9991421039919088,0.27163201163889983,2.1367458213591215,3.6375375112660526,0.8710155148883858,0.21639693245126468,old_general
36,old_2,0.18237754735420308,0.007765599421377556,0.978449329268619,0.2715646700067531,2.106985606967558,3.8518232255517666,0.759333362531995,0.362051251733998,old_general
37,old_2,0.10661118261847147,0.006106306051647747,0.9991421039919088,0.26896750726200724,2.1571758080076213,3.9137995646056796,0.7337626528359737,0.43101676897537733,old_general
38,old_2,0.1799573568560331,0.019583016644299844,0.9991421039919088,0.27169082944303363,1.9746756043778333,4.066108939837481,0.7432977355865659,0.7167256591148785,old_general
39,old_2,0.10831844168389004,0.006167713384411022,0.9575534837147482,0.2716736717505066,2.1000423264328374,3.869331261111518,0.7797992936035619,-0.0,old_general
40,old_2,0.2176615849019803,0.005566157544578232,0.978449329268619,0.2719719670468368,2.1571758080076213,3.9407598325400897,0.8412339177910542,0.21639693245126468,old_general
41,old_2,0.11067266660662245,0.008185708415392012,0.9991421039919088,0.2752681313851419,2.0913295147357442,4.208966082694623,0.8394129042198962,0.43101676897537733,old_general
42,old_2,0.012711934020449345,0.007567182218028878,0.9991421039919088,0.27034097627808185,2.108372414978069,3.8423709931771084,0.7296826828042725,0.21639693245126468,old_general
43,old_2,0.19229761881805807,0.012460787599479328,0.9991421039919088,0.27161398043926993,2.0708995280872444,3.9232517969803378,0.8229941117263618,0.574828144380386,old_general
44,old_2,0.6527442207081149,0.08443370758854829,0.9991421039919088,0.2974025547871127,0.9267605646029317,4.066108939837481,0.9071969864868894,0.7856911763562577,old_general
45,old_2,0.28961138554691734,0.008906662149106181,0.978449329268619,0.272160144472447,2.106985606967558,3.869331261111518,0.6662197888986071,0.574828144380386,old_general
46,old_2,0.12636148112404744,0.005472873819415525,0.9991421039919088,0.27428714590385267,2.0708995280872444,3.69594722638747,0.8288492175559645,-0.0,old_general
47,old_2,0.26806398355378924,0.006024468554065798,0.9922666387194963,0.2751156283843135,2.106985606967558,4.039148671903071,0.7691778368706864,-0.0,old_general
48,old_2,0.14620162405175607,0.00900446443195524,0.9922666387194963,0.27264181988300157,2.0796123397843376,3.869331261111518,0.8665725594529673,0.21639693245126468,old_general
49,old_2,0.21034065825821457,0.008519125259342064,0.978449329268619,0.27012923241963727,1.9508585313231581,3.9677201004744993,0.9078926537177963,0.21639693245126468,old_general
50,old_2,0.2022176902819126,0.008325908096461387,0.9293636260137188,0.27151890154314723,2.1000423264328374,3.4852281360342516,0.7539995122591803,0.362051251733998,old_general
51,old_3,0.1810245765553513,0.0034603765018189625,0.9293636260137188,0.2673396399770779,1.8937250497483742,3.4313076001654323,0.8625569979756876,-0.0,old_general
52,old_3,0.21034065825821413,0.002214872143998625,0.9922666387194963,0.27095120745619206,2.145458633056215,4.066108939837481,0.7098969723456855,-0.0,old_general
53,old_3,0.12465422205862797,0.0016480142494947891,0.9991421039919088,0.2724803834505121,2.0819992869926804,3.780394654123195,0.6995521198030645,-0.0,old_general
54,old_3,0.20212784585977905,0.0025383853387926925,0.978449329268619,0.2719100970952209,2.0786122005865053,3.668986958453061,0.8309430169865786,-0.0,old_general
55,old_3,-0.03509131981127078,0.0014301549105343314,0.9575534837147482,0.27181632694980823,2.0889425675274014,3.869331261111518,0.8027712083700933,-0.0,old_general
56,old_3,0.2675094337102042,0.0016020795981168678,0.9922666387194963,0.27449972339669193,2.0002793403986807,3.797902689682947,0.7361973563159585,-0.0,old_general
57,old_3,0.25172820317905176,0.0016669771851549608,0.9991421039919088,0.2727357037878855,2.1571758080076213,4.039148671903071,0.8195716265026786,-0.0,old_general
58,old_3,0.28610702299394664,0.0026302162784123118,0.978449329268619,0.27139412339703495,2.0982727952704647,3.9677201004744993,0.7971430687244341,-0.0,old_general
59,old_3,0.012711934020449345,0.0014076018285886782,0.9922666387194963,0.2725753820318328,2.0796123397843376,3.8154107252426988,0.8178301160890659,-0.0,old_general
60,old_3,0.09669111115461693,0.0022046347891371276,0.9991421039919088,0.2718227447001926,2.1484629963105286,4.110577243331642,0.8305686509605072,-0.0,old_general
61,old_3,0.2483136850482155,0.002273936590613035,0.9991421039919088,0.271976898125835,2.106985606967558,3.8388043692446128,0.8561349115364999,-0.0,old_general
62,old_3,0.012711934020449345,0.0011614348621490356,0.9991421039919088,0.27177452775940375,2.141519715775808,3.9677201004744984,0.7298702994068227,-0.0,old_general
63,old_3,0.058807928786750896,0.001217252081301412,0.9922666387194963,0.2716937770746406,2.1117595013842445,4.01218840396866,0.8155839458825173,-0.0,old_general
64,old_3,0.29782419794535375,0.0017639403319669178,0.9922666387194963,0.27159437056596036,1.9542456177293335,3.655045546825804,0.8088510190308322,-0.0,old_general
65,old_3,0.19400487788347665,0.0021531050737084723,0.9991421039919088,0.27277655040945353,1.8640304205285494,3.94075983254009,0.8812788621665474,-0.0,old_general
66,old_3,0.3158672373855098,0.002084339048032846,0.9991421039919088,0.27291884116464243,1.8201660839772358,3.869331261111519,0.8947507758420378,-0.0,old_general
67,old_3,0.060515187852169916,0.0011811424129288817,0.9575534837147482,0.2732676741377137,2.002048871561054,3.7803946541231945,0.8985353602999975,-0.0,old_general
68,old_3,0.1444943649863375,0.002523719692856252,0.9922666387194963,0.27403208420697533,2.061569300344181,3.940759832540089,0.805318596952834,-0.0,old_general
69,old_3,0.17245747589034854,0.00264358458652858,0.9991421039919088,0.2712856692993676,2.0341960331609603,3.6550455468258036,0.7742649569134947,-0.0,old_general
70,old_3,0.19229761881805807,0.0016841513061995883,0.978449329268619,0.2708779003781286,2.0224788582095536,3.708966082694624,0.8190267272108345,-0.0,old_general
71,old_3,0.009297415889612637,0.0011310683224974305,0.9922666387194963,0.2725339632276807,2.0732864752955873,3.6689869584530603,0.8270950497772862,-0.0,old_general
72,old_3,0.10831844168389004,0.0014516365845064216,0.9991421039919088,0.27127865556886865,2.125028646407715,4.012188403968661,0.7949606444446548,-0.0,old_general
73,old_3,0.060515187852169916,0.0019170749900272455,0.9991421039919088,0.2728040169233737,2.1367458213591215,4.280394654123194,0.7645526150483358,-0.0,old_general
74,old_3,0.2779840550176442,0.0038864527670747773,0.9991421039919088,0.271839523382421,2.121089729127308,3.851823225551766,0.8226273433076832,-0.0,old_general
75,old_3,0.3356175358910849,0.0034531814982327047,0.9922666387194963,0.2715083481733742,1.7876361992254672,4.137537511266052,0.7679636762025408,-0.0,old_general
76,old_3,-0.03509131981127078,0.0016981662981545576,0.978449329268619,0.27154003371693664,2.1454586330562146,3.94075983254009,0.7884112803628293,-0.0,old_general
77,old_3,0.28961138554691734,0.002092158380041509,0.9922666387194963,0.2716494433306095,1.8372089842195607,3.6689869584530608,0.6815081022563338,-0.0,old_general
78,old_3,0.12465422205862842,0.002185573423693632,0.9991421039919088,0.273840444907459,2.168892982959028,3.8518232255517657,0.8293778227480302,-0.0,old_general
79,old_3,0.1345742935224825,0.0029904192960887865,0.9922666387194963,0.2716430124635263,2.121089729127308,3.637537511266052,0.6225406043453693,0.21639693245126468,old_general
80,old_4,0.21034065825821413,0.0008835859304093807,0.9922666387194963,0.2723471228893278,1.9385895254975196,3.6820058147602133,0.7298270796528801,-0.0,old_general
81,old_4,0.19229761881805807,0.007917898190196282,0.9991421039919088,0.2731030526192903,1.9776799676321468,3.69594722638747,0.725556882608859,0.43101676897537733,old_general
82,old_4,0.17416473495576712,0.005984318935481681,0.9991421039919088,0.274288228954548,2.060569161146349,3.8868392966712704,0.7763312997641382,0.43101676897537733,old_general
83,old_4,-0.03509131981127078,0.0008802963041097955,0.9991421039919088,0.2723552174155722,2.068512580878901,3.8962915290459277,0.7183413556902404,-0.0,old_general
84,old_4,0.012711934020449345,0.0014460973460423965,0.9922666387194963,0.27211845044751515,2.0702821120412738,4.008621780036165,0.7797711016631333,-0.0,old_general
85,old_4,0.15612169551561061,0.003086844388694665,0.9991421039919088,0.2722912356763525,2.011379099304117,3.869331261111518,0.6881285120967344,0.21639693245126468,old_general
86,old_4,0.10831844168389004,0.000654731100503847,0.9575534837147482,0.2721373065426638,2.0913295147357442,3.9677201004744997,0.8360478120225997,-0.0,old_general
87,old_4,0.26806398355378924,0.0016891745125166002,0.9293636260137188,0.2707705843614541,2.1000423264328374,3.7264741182543757,0.818109557995256,-0.0,old_general
88,old_4,0.17245747589034854,0.0006206391409980805,0.9922666387194963,0.2718188921636625,1.8312658428826722,3.797902689682947,0.8581621038329718,-0.0,old_general
89,old_4,0.10831844168389004,0.0009961680557987185,0.9575534837147482,0.27269711198184626,2.0190917718033785,3.8927249051134325,0.7453990630696308,-0.0,old_general
90,old_4,-0.03509131981127078,0.0011888317710663232,0.9922666387194963,0.27205987817374105,2.011379099304117,3.8248629576173565,0.8330453812812392,-0.0,old_general
91,old_4,0.060515187852169916,0.0010159013907976577,0.9922666387194963,0.2723181743733537,2.025483221463867,3.797902689682947,0.7607852855680235,-0.0,old_general
92,old_4,0.060515187852169916,0.0011825007930263975,0.9991421039919088,0.2711716703807846,2.041139313695681,3.851823225551766,0.7700418263559426,-0.0,old_general
93,old_4,0.08621648984717689,0.0012632207476549473,0.9575534837147482,0.27036950126317416,2.121089729127308,3.824862957617356,0.8359347450118533,-0.0,old_general
94,old_4,-0.03509131981127078,0.001223379993428031,0.9922666387194963,0.27203270849939326,2.0668950256350986,3.8693312611115176,0.7068752961963722,-0.0,old_general
95,old_4,0.22026072972206912,0.0018578034561407275,0.978449329268619,0.27133069376389274,2.1156984186646515,4.110577243331642,0.7935484522783578,-0.0,old_general
96,old_4,0.029047714395187718,0.00116373950081472,0.9922666387194963,0.2714433822791583,2.040139174497849,3.94075983254009,0.8102291055125436,-0.0,old_general
97,old_4,0.10831844168389004,0.0007007023251437428,0.9922666387194963,0.26994984154463614,2.0708995280872444,3.6820058147602137,0.6848087388353125,-0.0,old_general
98,old_4,0.23188806025134223,0.0033744658226342317,0.9991421039919088,0.2711952596409368,2.0405218976497106,3.878783493486176,0.7291702145167125,-0.0,old_general
99,old_4,0.10831844168389004,0.0016687206035247426,0.9293636260137188,0.2702039559703988,2.121089729127308,3.8248629576173565,0.8271037732755436,-0.0,old_general
100,old_4,0.10831844168389004,0.001576957617621999,0.9991421039919088,0.27158240996489164,1.9088293111059562,3.597558387024489,0.773232015850715,-0.0,old_general
101,old_4,0.20392494934733119,0.0022416099853130866,0.978449329268619,0.2718098439757569,2.129802540824401,4.0836169753972325,0.7765420445063786,-0.0,old_general
102,old_4,0.07685096822690829,0.0013660744249015533,0.9991421039919088,0.2706311110013959,2.031809085952617,4.208966082694623,0.7205451173136947,-0.0,old_general
103,old_4,0.19400487788347665,0.002486781617576983,0.9922666387194963,0.27294430074870507,2.100042326432838,3.8248629576173574,0.9221188844082552,-0.0,old_general
104,old_4,0.011004674955030769,0.0012656107878339373,0.9575534837147482,0.2720238410934461,2.103046689687151,3.9407598325400897,0.7462891152587217,-0.0,old_general
105,old_4,0.172457475890349,0.0007190995744131845,0.9922666387194963,0.2716716735820869,2.0913295147357442,4.093069207771889,0.7143666575786978,-0.0,old_general
106,old_4,0.2657123302226516,0.003641135325836653,0.978449329268619,0.27214605206941145,2.1117595013842445,3.9677201004744993,0.7601608595117043,-0.0,old_general
107,old_4,-0.03509131981127078,0.0017523042259807164,0.9991421039919088,0.2716991716022379,2.1163158347106217,3.94075983254009,0.7861548358184478,-0.0,old_general
108,old_4,0.17245747589034854,0.0028606338225867223,0.9991421039919088,0.2717135009528017,2.1163158347106217,4.351823225551766,0.877964148822292,-0.0,old_general
109,old_5,0.19645151881993694,0.002426950739816025,0.9575534837147482,0.27175681417449926,2.095268432016151,3.7979026896829464,0.7873981190470257,-0.0,old_general
110,old_5,0.2861070229939462,0.0018527511553755316,0.9991421039919088,0.2731123958011606,1.7771367245622018,3.9137995646056796,0.8921957625639094,-0.0,old_general
111,old_5,0.33391027682566676,0.0019782166068569307,0.9991421039919088,0.2720385469475434,1.9469196140427512,4.110577243331642,0.8030077774345606,-0.0,old_general
112,old_5,0.12465422205862842,0.001836077921918533,0.9922666387194963,0.27135267741228364,2.1361284053131513,4.110577243331642,0.8445687970296448,-0.0,old_general
113,old_5,0.12294696299321028,0.0021012720975785992,0.9575534837147482,0.27092277121831837,2.045913208112367,3.400780708298527,0.8210101986263862,-0.0,old_general
114,old_5,0.15612169551561061,0.0013172502534174457,0.9922666387194963,0.2728150370404635,2.0401391744978485,3.5705981190900795,0.7484205472330624,-0.0,old_general
115,old_5,0.012711934020449345,0.0012696133028288203,0.9991421039919088,0.2712375497823784,1.8499262983687994,3.8962915290459277,0.8153016088107864,-0.0,old_general
116,old_5,0.29852584798727255,0.0013718127140905922,0.9922666387194963,0.2709737909674219,1.8749126183436766,4.039148671903071,0.8111573026620325,-0.0,old_general
117,old_5,0.012711934020449345,0.0010417689982128442,0.9991421039919088,0.2723335529625436,1.8436004338800491,3.797902689682946,0.8813333159438103,-0.0,old_general
118,old_5,0.15612169551561061,0.0012589209283921932,0.9991421039919088,0.27171454902924697,2.121089729127308,3.994680368408909,0.7863168710888321,-0.0,old_general
119,old_5,0.2219679887874877,0.0016389100355970188,0.9991421039919088,0.27031100830240046,2.0581822139380055,3.824862957617356,0.7250824667691461,-0.0,old_general
120,old_5,0.10831844168389004,0.0009645397698369029,0.9575534837147482,0.27105401109814276,2.0708995280872444,3.9407598325400888,0.6808605149106222,-0.0,old_general
121,old_5,-0.03509131981127078,0.0007162400690724491,0.9991421039919088,0.27164117868315185,2.0591823531358378,3.7534343861887853,0.6484826409542773,-0.0,old_general
122,old_5,0.3954878980411598,0.011119479830140722,0.9922666387194963,0.2716133561583479,1.4668828516690662,3.494680368408909,0.722242289834608,0.43101676897537733,old_general
123,old_5,0.10661118261847147,0.0012168751833258051,0.9991421039919088,0.2713097276843006,2.1163158347106217,3.851823225551766,0.730673011173566,-0.0,old_general
124,old_5,0.10831844168389004,0.0010449477614247193,0.9991421039919088,0.2718360329666872,2.049852125392774,3.9232517969803378,0.7960164076678625,-0.0,old_general
125,old_5,0.15612169551561061,0.0008680925438547815,0.978449329268619,0.2715878467303051,2.0982727952704647,3.9852281360342507,0.8064067817763567,-0.0,old_general
126,old_5,0.31245271925467355,0.0018039966334769675,0.9991421039919088,0.2718914627723328,1.977679967632147,3.767375797816041,0.789337085811593,-0.0,old_general
127,old_5,0.2843997639285276,0.002984503612154854,0.9922666387194963,0.2718729778023056,2.1274155936160577,3.842370993177109,0.7028148377603601,-0.0,old_general
128,old_5,0.060515187852169916,0.0012180665404517566,0.9991421039919088,0.2719980287088078,2.1180853658729943,3.753434386188785,0.6006921200153055,-0.0,old_general
129,old_5,0.011004674955030769,0.0014304570601982869,0.9991421039919088,0.27233713474351207,2.139132768567465,4.110577243331642,0.8821644821429675,-0.0,old_general
130,old_5,0.012711934020449345,0.001344275796420158,0.9922666387194963,0.2717965362259878,2.1187027819189646,3.985228136034251,0.8533646944558978,-0.0,old_general
131,old_5,0.19229761881805807,0.0031240227047082403,0.9991421039919088,0.27189298131787437,2.1000423264328374,4.039148671903071,0.7739966682159074,-0.0,old_general
132,old_5,0.012711934020449345,0.0013157247369187663,0.9991421039919088,0.2716709606914613,2.1571758080076213,3.869331261111518,0.7378808956503534,-0.0,old_general
133,old_5,0.10831844168389004,0.0014944390991102896,0.978449329268619,0.2712955192828488,2.0207093270471805,3.940759832540089,0.7781760875641922,-0.0,old_general
134,old_5,0.12636148112404744,0.0009543342066914429,0.9991421039919088,0.27184430388249786,2.0528564886470875,3.896291529045928,0.8011850320891527,-0.0,old_general
135,parkinson_1,0.37193798780027043,0.018039443086127926,0.9991421039919088,0.27818452638856855,1.8405960706257358,3.878783493486176,0.8573521857773704,0.7167256591148785,old_parkinson
136,parkinson_1,0.3374146393786379,0.015043998608869624,0.9991421039919088,0.2766814427892866,2.079612339784338,4.182005814760213,0.8551081590866857,0.574828144380386,old_parkinson
137,parkinson_1,0.3722143710680519,0.07035774979972176,0.978449329268619,0.277613635385214,1.9816188849125538,3.824862957617356,0.744638053971969,1.03514019815571,old_parkinson
138,parkinson_1,0.12465422205862797,0.012470856948789799,0.9922666387194963,0.2731570013098817,2.129802540824401,3.851823225551766,0.8980809189158165,0.7167256591148785,old_parkinson
139,parkinson_1,0.35375041975337584,0.09155238552534395,0.9922666387194963,0.27808427880710246,2.010378960106285,3.824862957617356,0.8006011593306427,1.481900724681564,old_parkinson
140,parkinson_1,0.22026072972206912,0.010793584725389604,0.9991421039919088,0.2721114225130855,2.1571758080076213,4.09306920777189,0.8657159279349637,0.574828144380386,old_parkinson
141,parkinson_1,0.34383034828952086,0.06305148400960547,0.9922666387194963,0.2816095247832783,1.98006691484049,3.610577243331642,0.8861427797830347,0.787667201427305,old_parkinson
142,parkinson_2,0.15612169551561061,0.009160599180275675,0.9922666387194963,0.27247298386701807,2.0708995280872444,3.682005814760214,0.7957608569915765,0.362051251733998,old_parkinson
143,parkinson_2,0.126361481124047,0.01071193860191566,0.9922666387194963,0.2747932301803596,2.1187027819189646,3.9946803684089085,0.6952903381994352,0.8306021151458061,old_parkinson
144,parkinson_2,0.3287884996294115,0.017166603652086332,0.9922666387194963,0.28212167652330683,1.8104531330823104,3.678439190827718,0.684839608671843,0.925500823082355,old_parkinson
145,parkinson_2,0.10831844168389004,0.004579126363459918,0.9991421039919088,0.2729975502564075,2.048851986194942,4.06610893983748,0.8596169756806848,-0.0,old_parkinson
146,parkinson_2,0.256436653024517,0.031550320253624475,0.978449329268619,0.2690449914713516,2.108372414978069,3.9946803684089085,0.8539237358580859,0.7167256591148785,old_parkinson
147,parkinson_2,0.20392494934733119,0.005103359654532902,0.9991421039919088,0.273112663860257,2.1000423264328374,3.940759832540089,0.8014516402414767,-0.0,old_parkinson
148,parkinson_2,0.3089483567017024,0.03143705051881662,0.9991421039919088,0.2754959821715375,1.836657153345329,3.7264741182543757,0.7908823670340152,0.574828144380386,old_parkinson
149,parkinson_2,0.14620162405175607,0.005511566381848687,0.9922666387194963,0.27237212228056373,2.1454586330562146,3.7979026896829478,0.7867730236031267,-0.0,old_parkinson
150,parkinson_3,0.21855347065665143,0.041973786569527216,0.978449329268619,0.27794019131499975,2.1391327685674644,3.665420334520565,0.7941645784504308,1.383912263055303,old_parkinson
151,parkinson_3,0.3059471659216553,0.08749311692406136,0.9922666387194963,0.29565141196293215,2.0341960331609603,4.021640636343319,0.7592696407272385,1.5439907766505307,old_parkinson
152,parkinson_3,0.3773524425872754,0.1093921569931855,0.9922666387194963,0.2868712876781976,1.8366571533453289,3.699513850319966,0.6848418654339427,1.572704141545369,old_parkinson
153,parkinson_3,0.15612169551561061,0.045936909855946895,0.9922666387194963,0.27970122198191105,2.095268432016151,3.6725535823855564,0.713591594192878,1.438627220688601,old_parkinson
154,parkinson_3,0.19400487788347665,0.10013859281310744,0.9922666387194963,0.2763403144009863,2.145458633056215,4.066108939837481,0.7740914027495275,1.5147239826031003,old_parkinson
155,parkinson_3,0.17075021682493086,0.05298765939528172,0.9991421039919088,0.26988246555174733,2.106985606967558,4.021640636343319,0.8752557950200599,1.334599425999111,old_parkinson
156,parkinson_4,0.14620162405175607,0.00641681837747865,0.978449329268619,0.273577601897467,2.1454586330562146,3.526129815595918,0.8257051783634197,0.21639693245126468,old_parkinson
157,parkinson_4,0.21034065825821413,0.012175105135541986,0.9922666387194963,0.269482520278901,2.066895025635099,3.6280852788913944,0.8436741360819786,0.21639693245126468,old_parkinson
158,parkinson_4,0.6350354962291664,0.023997984387652882,0.9922666387194963,0.2690262582321268,1.1893935564218074,3.5086217800361656,0.7767308389247246,0.574828144380386,old_parkinson
159,parkinson_4,0.18237754735420308,0.009959585430328266,0.9991421039919088,0.27277333909707485,2.1571758080076213,3.9407598325400897,0.7900953396895735,0.21639693245126468,old_parkinson
160,parkinson_4,0.5250642530683249,0.03467162206986041,0.9991421039919088,0.2756741845833459,1.852930661623113,3.8248629576173565,0.8108172115418371,0.43101676897537733,old_parkinson
161,parkinson_4,0.2022176902819126,0.006041152235765179,0.9922666387194963,0.27258453785447134,2.0913295147357442,3.8423709931771084,0.7829716851757604,0.43101676897537733,old_parkinson
162,parkinson_4,0.12465422205862842,0.006240401139930407,0.9991421039919088,0.2733589137172238,2.011379099304117,3.8518232255517666,0.776471843458484,0.21639693245126468,old_parkinson
163,parkinson_4,0.44522868919559966,0.02958224666114717,0.9991421039919088,0.3030704855159594,0.44624376141549016,3.937193208607594,0.8643114472570638,0.574828144380386,old_parkinson
164,parkinson_4,0.10661118261847147,0.004867391552378475,0.9991421039919088,0.27313428064775463,2.108372414978069,3.7943360657504512,0.8727754333036062,0.21639693245126468,old_parkinson
165,parkinson_5,0.060515187852169916,0.006961915193906321,0.978449329268619,0.272254278484467,2.0976553792244945,3.8787834934861753,0.8588423537715535,0.7167256591148785,old_parkinson
166,parkinson_5,0.15612169551561061,0.009880541160446565,0.9922666387194963,0.27314350551371425,2.165888619704715,3.851823225551766,0.6946105853406966,0.362051251733998,old_parkinson
167,parkinson_5,0.18182299751061803,0.009691495346176082,0.9991421039919088,0.27284698684807235,2.0341960331609608,4.0836169753972325,0.6584341677577171,0.574828144380386,old_parkinson
168,parkinson_5,0.29782419794535375,0.010063971493875501,0.9575534837147482,0.27528547439979284,2.1069856069675583,3.797902689682947,0.7156021066884374,0.43101676897537733,old_parkinson
169,parkinson_5,0.17245747589034854,0.010791317826545743,0.9991421039919088,0.2703776501504861,2.0395873436236167,3.950212064914747,0.887472406027382,0.21639693245126468,old_parkinson
170,parkinson_5,-0.03509131981127078,0.008618851455590937,0.9991421039919088,0.27011545924231606,2.127415593616058,3.770942421748537,0.8128906113713669,0.43101676897537733,old_parkinson
171,parkinson_5,0.09839837022003595,0.007823110799926924,0.9991421039919088,0.2727949049466753,2.106985606967558,4.012188403968661,0.817735509921353,0.21639693245126468,old_parkinson
172,parkinson_5,0.050595116388315375,0.013216416945299181,0.9922666387194963,0.27675075951434946,2.106985606967558,3.8248629576173565,0.8078665917101426,0.8306021151458061,old_parkinson
173,young_1,0.3100086499098058,0.0007802021724451214,0.978449329268619,0.27282366194120355,1.7771367245622018,3.740415529881632,0.8100023673488485,-0.0,young_general
174,young_1,0.40976648598353327,0.000995281815159621,0.9991421039919088,0.27298686888530665,2.1000423264328374,3.780394654123194,0.8858334663371656,-0.0,young_general
175,young_1,0.3042399068562376,0.0025968859900465935,0.9922666387194963,0.2723229258165253,1.8790690967143926,3.4677201004744993,0.8151684432700236,-0.0,young_general
176,young_1,0.4138279699716838,0.0016045815996724722,0.9575534837147482,0.2696982642030614,1.7473765101706382,3.8423709931771084,0.7167580278131102,-0.0,young_general
177,young_1,0.15612169551561061,0.001867090532866933,0.9991421039919088,0.2709707715362707,1.8483743282967358,3.3082774773777084,0.8212203332170257,-0.0,young_general
178,young_1,0.28790412648149877,0.0011019232094130471,0.978449329268619,0.2696399784766024,1.9181595388490196,3.539148671903071,0.8066177268302436,-0.0,young_general
179,young_1,0.09669111115461693,0.0021492459297191013,0.9991421039919088,0.2722148030138476,1.8375917073714223,4.208966082694623,0.8194910150920774,-0.0,young_general
180,young_1,0.25272945730293195,0.0011349582339796882,0.978449329268619,0.2703588238571506,1.780692918690747,3.940759832540089,0.8117929823209319,-0.0,young_general
181,young_1,0.3881292395682716,0.001319732932256179,0.9991421039919088,0.27106045351606795,2.0581822139380055,3.682005814760214,0.7852302487078483,-0.0,young_general
182,young_1,0.29196561046964975,0.000645539408403506,0.9922666387194963,0.2729870172729197,1.8790690967143924,3.767375797816042,0.8048980660746322,-0.0,young_general
183,young_1,0.3142887369967018,0.0019824348369826827,0.9293636260137188,0.2740033999866012,1.7259463843243061,3.8657646371790233,0.7606366792341396,-0.0,young_general
184,young_1,0.4195967130252529,0.0016342748476091407,0.9991421039919088,0.273676510348602,2.0708995280872444,4.208966082694623,0.826056485289224,-0.0,young_general
185,young_1,0.25172820317905176,0.0014300158143277786,0.9922666387194963,0.27248658988601926,2.0137660465124605,4.06610893983748,0.844414822125055,-0.0,young_general
186,young_1,0.060515187852169916,0.0018078475538115812,0.9991421039919088,0.2705784427197623,2.023096274255524,3.7404155298816324,0.8430992825961409,-0.0,young_general
187,young_1,0.2401008726497782,0.0013604573609328208,0.9922666387194963,0.270459666794413,1.9298767138004265,4.2359263506290326,0.792575133858576,-0.0,young_general
188,young_1,0.3175744964509284,0.002284929800391522,0.9991421039919088,0.27074255126224855,1.9752930204238037,4.039148671903071,0.8811462725351576,-0.0,young_general
189,young_1,0.21970617987848362,0.0014571887395445904,0.9991421039919088,0.27231059675205005,2.0708995280872444,4.093069207771889,0.7110791142551687,-0.0,young_general
190,young_1,0.19400487788347665,0.0012399703974343979,0.9991421039919088,0.2704408463884013,2.028421999546442,3.8962915290459277,0.8549980096615748,-0.0,young_general
191,young_1,0.060515187852169916,0.0021802276107361074,0.9991421039919088,0.27237048133819836,2.049852125392774,3.9946803684089094,0.7985750966906877,-0.0,young_general
192,young_1,0.3364090303551386,0.0015834703834293196,0.978449329268619,0.2707230079825763,1.905442224699781,3.851823225551767,0.9260323280511255,-0.0,young_general
193,young_1,0.15612169551561061,0.001556978755716698,0.9922666387194963,0.2709206343659512,2.0913295147357442,3.5121884039686613,0.6697087278576918,-0.0,young_general
194,young_1,0.20392494934733119,0.0020880850918011395,0.978449329268619,0.2716997875511314,1.9157725916406767,3.6959472263874704,0.8391827211682394,-0.0,young_general
195,young_1,0.30359294099892287,0.0028471610060836205,0.9575534837147482,0.2711906472249989,2.079612339784338,3.708966082694624,0.5355746621732742,0.21639693245126468,young_general
196,young_1,0.14620162405175607,0.003070398071170044,0.978449329268619,0.27374084561046574,2.106985606967558,4.110577243331642,0.8370268108399179,-0.0,young_general
197,young_2,0.174164734955768,0.001082747153691499,0.9922666387194963,0.2702798792812541,2.1367458213591215,4.137537511266051,0.882029156625322,-0.0,young_general
198,young_2,0.2796913140830628,0.002278297847896571,0.9991421039919088,0.27023858185840305,1.9909491126556174,3.8927249051134325,0.7426530576604355,-0.0,young_general
199,young_2,0.30244280336868545,0.0012072236342642872,0.9922666387194963,0.27329290681698,2.0224788582095536,4.039148671903071,0.7411093884432299,-0.0,young_general
200,young_2,0.012711934020449345,0.0016482347807754705,0.9922666387194963,0.2722548834876819,2.125028646407715,3.7979026896829464,0.7137480266044356,-0.0,young_general
201,young_2,0.14620162405175607,0.00325126166361267,0.9991421039919088,0.27108762113730145,1.9625757062745648,3.8118441013102036,0.8698211802172363,-0.0,young_general
202,young_2,0.29196561046964975,0.001703836714411655,0.9575534837147482,0.2713089458410933,1.9840058321208969,3.7979026896829464,0.8268780765505234,-0.0,young_general
203,young_2,0.21204791732363404,0.0021906919097705035,0.9922666387194963,0.27236263956640766,2.080229755830308,3.9641534765420037,0.8703643776704456,-0.0,young_general
204,young_2,0.2779840550176442,0.0008425028647378596,0.9991421039919088,0.2725642080926233,1.807448769827997,3.8962915290459277,0.7088122281841895,-0.0,young_general
205,young_2,0.10831844168389004,0.0019997471347446005,0.9575534837147482,0.271515157511717,2.061569300344181,3.8518232255517666,0.7742845708505169,-0.0,young_general
206,young_2,0.3216359804390798,0.0032462475052478235,0.9293636260137188,0.2715812362131846,1.9752930204238035,3.865764637179022,0.9068727304357379,-0.0,young_general
207,young_2,0.2219679887874877,0.0022540172524552204,0.9575534837147482,0.2708557745377565,1.9264896273942511,3.851823225551766,0.7144626005777333,-0.0,young_general
208,young_2,0.22026072972206912,0.0019281639406562023,0.9991421039919088,0.27171307581752824,1.982236300958524,3.5121884039686613,0.7349107340328457,-0.0,young_general
209,young_2,0.24180813171519722,0.002151929649591655,0.9991421039919088,0.2730238628136014,2.005053234815367,4.012188403968661,0.8267303346410269,-0.0,young_general
210,young_2,0.14620162405175607,0.0036167586475273072,0.9922666387194963,0.27363611960682194,2.061569300344181,3.9677201004744997,0.7907459899265247,-0.0,young_general
211,young_2,0.3374146393786379,0.0032296020096985734,0.9991421039919088,0.27131517243152653,1.9810014688665833,3.7803946541231945,0.8123491847193993,-0.0,young_general
212,young_2,-0.03509131981127078,0.0009640770843719615,0.9922666387194963,0.2724048027674961,2.0528564886470875,3.9677201004744997,0.7830331898099128,-0.0,young_general
213,young_2,0.012711934020449345,0.0012431929933812702,0.978449329268619,0.2720934705235269,1.9752930204238035,3.6820058147602133,0.7493259261379849,-0.0,young_general
214,young_2,0.3817612883507788,0.0013650180410418322,0.978449329268619,0.27240846293207466,1.9923359206661286,3.682005814760214,0.7308368964397979,-0.0,young_general
215,young_2,0.26977124261920826,0.0010009499401629762,0.9922666387194963,0.2696641204662295,1.9957230070723035,3.8073549220576046,0.7008341125985923,-0.0,young_general
216,young_2,0.10831844168389004,0.0014440767283728784,0.9922666387194963,0.27420068717954155,2.1274155936160577,3.985228136034251,0.6517183411247041,-0.0,young_general
217,young_2,0.21855347065665098,0.0015858984185641578,0.9922666387194963,0.2732164544017339,1.9244854033377696,3.937193208607594,0.7924506264143223,-0.0,young_general
218,young_2,0.25643665302451657,0.0029252794680248995,0.9991421039919088,0.2724019026614772,1.9840058321208969,4.110577243331643,0.8103957274750725,-0.0,young_general
219,young_2,0.15612169551561061,0.0015194004602432365,0.9991421039919088,0.2703084196804091,2.145458633056215,3.9946803684089094,0.8297533280649807,-0.0,young_general
220,young_2,0.19476068771716193,0.0017688132447511995,0.9991421039919088,0.27445269187873805,2.0913295147357447,3.896291529045928,0.823885022018499,-0.0,young_general
221,young_2,0.3793593057346545,0.0025000069313254603,0.9991421039919088,0.2763888344737682,1.8703562850172994,3.8962915290459277,0.810110311495785,-0.0,young_general
222,young_2,0.1806702882887854,0.0017067677156475947,0.9991421039919088,0.2716273632253942,2.127415593616058,3.9946803684089085,0.7799006552779993,-0.0,young_general
223,young_3,0.058807928786750896,0.0015443680050296615,0.9991421039919088,0.2719895821631722,2.0044358187693967,3.9232517969803373,0.8552295854109716,-0.0,young_general
224,young_3,0.35375041975337584,0.0021655966452098774,0.9922666387194963,0.2724261554233034,2.0913295147357442,3.9946803684089085,0.871378055231156,-0.0,young_general
225,young_3,0.12465422205862797,0.0017809324827390283,0.9922666387194963,0.2723323811782109,2.106985606967558,4.137537511266052,0.792253617316042,-0.0,young_general
226,young_3,0.34383034828952086,0.002456368482923077,0.978449329268619,0.2716075020173444,2.028421999546442,4.137537511266051,0.8720989011038615,-0.0,young_general
227,young_3,0.30765442498707385,0.0027123991439801376,0.9991421039919088,0.2715298817097794,2.1415197157758077,3.9137995646056796,0.7804258213429068,-0.0,young_general
228,young_3,0.28961138554691734,0.0020735401238950457,0.9922666387194963,0.27227152183500264,2.060569161146349,3.9852281360342507,0.7446859802314891,-0.0,young_general
229,young_3,0.060515187852169916,0.0009262750191927349,0.9922666387194963,0.2712707052926167,2.1571758080076218,4.066108939837481,0.7106112248724223,-0.0,young_general
230,young_3,0.17416473495576756,0.0013768515475489629,0.9991421039919088,0.27209756912177135,2.1415197157758077,3.940759832540089,0.7370155591509322,-0.0,young_general
231,young_3,0.060515187852169916,0.0010474580670469802,0.9991421039919088,0.2714407134692536,2.041139313695681,4.066108939837481,0.8306993403594509,-0.0,young_general
232,young_3,0.060515187852169916,0.0007396403081438852,0.9991421039919088,0.272438769781956,1.9133856444323334,4.2359263506290326,0.8405295105073645,-0.0,young_general
233,young_3,0.060515187852169916,0.00047360695572462586,0.9575534837147482,0.2710466548278566,1.827878756476497,3.6784391908277185,0.6341210596908574,-0.0,young_general
234,young_3,0.2022176902819126,0.0013014838390067451,0.9991421039919088,0.27084392562924897,1.882073459968706,3.7979026896829464,0.7963424548316785,-0.0,young_general
235,young_3,0.26635672448837155,0.001308203160592658,0.9922666387194963,0.27182961264922145,2.0010487323632216,3.7439821538141276,0.7633711770249555,-0.0,young_general
236,young_3,0.20392494934733119,0.0020461503419628713,0.9922666387194963,0.2721037842765954,2.0903293755379124,3.753434386188786,0.6397862715770987,-0.0,young_general
237,young_3,0.12465422205862797,0.0009229944378741362,0.978449329268619,0.2710717161683478,1.9415283035800945,3.896291529045928,0.7568539265352788,-0.0,young_general
238,young_3,0.10831844168389004,0.001361826308252545,0.9991421039919088,0.2718435670385684,1.8977295522005198,3.8118441013102036,0.8220891516945221,-0.0,young_general
239,young_3,0.10831844168389004,0.0009645072321624593,0.978449329268619,0.2706178918657691,2.0615693003441806,3.994680368408909,0.7561652169151237,-0.0,young_general
240,young_3,-0.03509131981127078,0.0010068500327645724,0.9991421039919088,0.27130929897540934,2.0889425675274014,3.7264741182543757,0.8169764393035039,-0.0,young_general
241,young_3,0.10831844168389004,0.001019387105298697,0.9991421039919088,0.27218934776058906,2.095268432016151,3.7979026896829478,0.6573859011845703,-0.0,young_general
242,young_3,0.20392494934733119,0.0014034227885304507,0.9991421039919088,0.27256990090317484,2.0197091878493487,3.7264741182543752,0.7304152831510204,-0.0,young_general
243,young_3,0.3735905626810849,0.0013692346657088184,0.9922666387194963,0.2723910300078617,2.025483221463867,3.9502120649147474,0.7538952251844458,-0.0,young_general
244,young_3,0.23830376916222606,0.001312458939680461,0.9575534837147482,0.27051033733183866,2.02742186034861,3.699513850319966,0.8213775380391117,-0.0,young_general
245,young_3,0.2779840550176442,0.001461256677360856,0.9991421039919088,0.27185511712505794,2.041139313695681,3.940759832540089,0.7037148168006065,-0.0,young_general
246,young_3,0.10831844168389004,0.0011168573039697094,0.9922666387194963,0.27114470297697346,1.9479197532405832,3.851823225551767,0.7151673250445576,-0.0,young_general
247,young_3,0.10831844168389004,0.0016359405334872568,0.9922666387194963,0.2710458597903249,2.0387523664873375,3.7979026896829464,0.7023798766369995,-0.0,young_general
248,young_3,0.3025326477908181,0.0011378483869939338,0.9991421039919088,0.2712915575906509,2.002048871561054,3.6550455468258036,0.7536202404640715,-0.0,young_general
249,young_3,0.012711934020449345,0.0014582379150441804,0.9922666387194963,0.2709980072494396,2.1367458213591215,3.9407598325400897,0.827217736957839,-0.0,young_general
250,young_4,0.48488588486195017,0.0018567330658557646,0.9991421039919088,0.2705417486630762,1.8820734599687061,3.9946803684089094,0.6737140845738504,-0.0,young_general
251,young_4,0.2796913140830628,0.0021496813859073205,0.9922666387194963,0.27145538602538904,1.9479197532405832,3.8248629576173565,0.8277569131809257,-0.0,young_general
252,young_4,0.10831844168389004,0.0017835525294630505,0.9922666387194963,0.2715866319899832,2.0615693003441806,3.878783493486176,0.7295385439534507,-0.0,young_general
253,young_4,0.31907456744811347,0.0017192318491391356,0.9575534837147482,0.27219558189514015,2.00744018202371,3.610577243331642,0.8225423603406675,-0.0,young_general
254,young_4,0.07685096822690785,0.0034230311257463786,0.9991421039919088,0.26971893502121264,1.9469196140427512,4.039148671903071,0.807531427254855,-0.0,young_general
255,young_4,0.28619686741608064,0.003147549250223869,0.9922666387194963,0.2704079259234737,2.002048871561054,3.8962915290459272,0.8562969078089948,-0.0,young_general
256,young_4,0.25172820317905176,0.0015970213140776846,0.9922666387194963,0.2723883994470388,2.061569300344181,3.9677201004744993,0.7999478872937251,-0.0,young_general
257,young_4,0.17075021682493086,0.0020691347669459237,0.9991421039919088,0.27316883005769704,2.028421999546442,3.726474118254375,0.7841343113182997,-0.0,young_general
258,young_4,0.19229761881805807,0.0010989573867369318,0.9991421039919088,0.2708455202211054,1.79718398805884,4.208966082694623,0.8476126651362006,-0.0,young_general
259,young_4,0.10831844168389004,0.002408555783269928,0.9922666387194963,0.27050763147746026,2.1156984186646515,3.878783493486175,0.7039035799794683,-0.0,young_general
260,young_4,0.12465422205862797,0.0023253009383542578,0.9991421039919088,0.27090451288439593,2.118702781918965,4.0836169753972325,0.7504213002682851,-0.0,young_general
261,young_4,0.10831844168389004,0.0015882617183101688,0.9922666387194963,0.2700131502975238,2.0435262609040237,3.8962915290459272,0.7944159397808372,-0.0,young_general
262,young_4,0.23830376916222518,0.0015315384618415084,0.9991421039919088,0.27052060015934126,2.1367458213591215,3.967720100474499,0.7868059666048646,-0.0,young_general
263,young_4,0.2219679887874877,0.002108608749164076,0.9991421039919088,0.2708083810012751,2.0425261217061923,4.01218840396866,0.5566689538068268,-0.0,young_general
264,young_4,0.012711934020449345,0.0013827492875795322,0.9293636260137188,0.2721367601700809,2.1571758080076213,3.8423709931771084,0.7879303239588075,-0.0,young_general
265,young_4,0.060515187852169916,0.0019329396245029162,0.9922666387194963,0.27088507558360786,2.049852125392774,3.7979026896829473,0.48023919894032135,-0.0,young_general
266,young_4,0.23018080118592366,0.002293820848305539,0.9922666387194963,0.2716996726056954,2.063956247552524,3.8693312611115185,0.7561504672161113,-0.0,young_general
267,young_4,0.20392494934733119,0.0035480435137261734,0.9922666387194963,0.2726343571481447,2.037134811243535,3.7229074943218796,0.8179934064560519,-0.0,young_general
268,young_4,0.2598511711553533,0.0025692320806351976,0.978449329268619,0.27283605120808535,2.095268432016151,3.7264741182543757,0.8140602338443953,-0.0,young_general
269,young_4,0.19229761881805807,0.00303253311178453,0.9991421039919088,0.27404337424482045,2.1000423264328374,3.580050351464737,0.8601692017158462,-0.0,young_general
270,young_4,0.2878142820593652,0.001705494996117829,0.9922666387194963,0.27189070878621413,2.048851986194942,3.797902689682947,0.7688039152939614,-0.0,young_general
271,young_4,0.2782052297079818,0.002648125233987386,0.9575534837147482,0.27285814949101234,1.7112904312903245,3.824862957617356,0.7122459923376894,-0.0,young_general
272,young_4,0.1444943649863375,0.0018849170950765437,0.9922666387194963,0.271079238761614,2.145458633056215,3.8248629576173565,0.700263747024184,-0.0,young_general
273,young_5,0.2902583514042316,0.0021115431360066994,0.9991421039919088,0.26911028174534485,1.923102540988076,3.7264741182543766,0.8630392006138552,-0.0,young_general
274,young_5,0.15441443645019204,0.0023071843228821276,0.9922666387194963,0.2693183002835434,2.1000423264328374,3.9677201004744997,0.8156151659080794,-0.0,young_general
275,young_5,0.2878142820593652,0.0018270152475544643,0.9991421039919088,0.27075597101799054,2.106985606967558,4.0836169753972325,0.8320693501803422,-0.0,young_general
276,young_5,0.24180813171519722,0.0019427708675371358,0.9991421039919088,0.27185478630868914,2.129802540824401,3.9407598325400897,0.7609863975372645,-0.0,young_general
277,young_5,0.048887857322896355,0.002195384252141608,0.9922666387194963,0.2757420834777064,1.699190533187056,4.021640636343319,0.6557625628630901,-0.0,young_general
278,young_5,0.28610702299394664,0.00156885675053553,0.9991421039919088,0.2713975078097973,1.920546486057363,4.066108939837481,0.8366659984329862,-0.0,young_general
279,young_5,0.19580455296262356,0.004367263624460049,0.9922666387194963,0.2750706508657431,1.7524177146764865,3.797902689682947,0.8663200201345754,0.43101676897537733,young_general
280,young_5,0.2022176902819126,0.002303193070390397,0.9922666387194963,0.2732544076289122,1.9532454785315012,3.940759832540089,0.9055727103462318,-0.0,young_general
281,young_5,0.3119345120739694,0.0016684039028505016,0.9922666387194963,0.2721286368553208,1.6927990835265674,3.8248629576173565,0.7458287736599699,-0.0,young_general
282,young_5,0.19400487788347665,0.003619834816669054,0.9991421039919088,0.27180543928927187,2.028421999546442,3.7264741182543757,0.8754516291503064,-0.0,young_general
283,young_5,0.22611931719777267,0.0019601381317916333,0.978449329268619,0.2704139372744563,1.9840058321208969,3.8248629576173565,0.8038095846019738,-0.0,young_general
284,young_5,0.3264342747066795,0.0024721334985109422,0.9922666387194963,0.26981764743421455,1.864582251402781,3.967720100474499,0.8001786351261038,-0.0,young_general
285,young_5,0.2062791742700636,0.001310450069572311,0.978449329268619,0.2701670197201973,2.108372414978069,3.7534343861887853,0.8108129418266594,-0.0,young_general
286,young_5,0.33570738031321934,0.0013213873911878116,0.978449329268619,0.2702425542612252,1.9615755670767328,4.208966082694623,0.8463145034697053,-0.0,young_general
287,young_5,0.2540824281017837,0.0027989532080940904,0.9922666387194963,0.27336520578748513,1.9981099542806469,3.553090083530328,0.7918202114115518,-0.0,young_general
288,young_5,0.22026072972206912,0.0012244319638192724,0.9922666387194963,0.2749100100388766,1.9840058321208969,3.708966082694624,0.8053539058094265,-0.0,young_general
289,young_5,0.28910821377399376,0.0013788232244961174,0.9991421039919088,0.27147622672934696,1.9705191260071175,3.896291529045928,0.8389521486820732,-0.0,young_general
290,young_5,0.29773435352321975,0.002169032002674265,0.978449329268619,0.2709774655671532,2.121089729127308,3.869331261111518,0.7748079312709442,-0.0,young_general
291,young_5,0.29261257632696447,0.0015957693258804584,0.978449329268619,0.2705366998704276,2.010761683258147,4.0836169753972325,0.8216359293542854,-0.0,young_general
292,young_5,0.17416473495576712,0.0015209816477652627,0.9922666387194963,0.2714620403753947,2.0615693003441806,3.967720100474499,0.7462181188669589,-0.0,young_general
293,young_5,0.15612169551561061,0.000989406052107178,0.978449329268619,0.2717325767594794,1.9479197532405834,4.01218840396866,0.8010378597279382,-0.0,young_general
294,young_5,0.22026072972206912,0.0011920658259494399,0.9991421039919088,0.2729499952188956,1.8727432322256423,3.610577243331642,0.7818925966629102,-0.0,young_general
295,young_5,0.26977124261920826,0.0012494035000260029,0.9922666387194963,0.27077172294401786,1.8883993244574562,4.0836169753972325,0.8088847125764279,-0.0,young_general
296,young_5,0.28790412648149877,0.0016603193854517473,0.9922666387194963,0.27178923658302767,1.95963692819199,3.824862957617356,0.8926882402230316,-0.0,young_general
297,young_5,0.20051043121649492,0.0022518447827545307,0.9922666387194963,0.2710468275596314,2.1180853658729943,3.7264741182543757,0.9223278402849543,-0.0,young_general
